INSERT INTO Equipment (ID, name) VALUES
(101, 'Adidas'),
(102, 'Nike'),
(103, 'Puma'),
(104, 'Kappa'),
(105, 'Umbro'),
(106, 'New Balance'),
(107, 'Hummel'),
(108, 'Diadora'),
(109, 'Uhlsport'),
(110, 'Joma'),
(111, 'Lotto'),
(112, 'Errea'),
(113, 'Erima'),
(114, 'Mizuno'),
(115, 'Under Armour');

INSERT INTO Country (ID, name, id_equipment) VALUES
(1, 'Germany', 101),
(2, 'France', 102),
(3, 'Spain', 103),
(4, 'Italy', 104),
(5, 'England', 105),
(6, 'Portugal', 106),
(7, 'Netherlands', 107),
(8, 'Belgium', 108),
(9, 'Switzerland', 109),
(10, 'Austria', 110),
(11, 'Poland', 111),
(12, 'Czech Republic', 112),
(13, 'Russia', 113),
(14, 'Sweden', 114),
(15, 'Denmark', 115);

INSERT INTO City (ID, name) VALUES
(1, 'Berlin'),
(2, 'Paris'),
(3, 'Madrid'),
(4, 'Rome'),
(5, 'London'),
(6, 'Lisbon'),
(7, 'Amsterdam'),
(8, 'Brussels'),
(9, 'Zurich'),
(10, 'Vienna'),
(11, 'Warsaw'),
(12, 'Prague'),
(13, 'Moscow'),
(14, 'Stockholm'),
(15, 'Copenhagen');

INSERT INTO Stadium (ID, name, capacity, id_city) VALUES
(1, 'Olympiastadion', 74794, 1),
(2, 'Parc des Princes', 48712, 2),
(3, 'Santiago Bernabeu', 81044, 3),
(4, 'Stadio Olimpico', 70387, 4),
(5, 'Wembley Stadium', 90000, 5),
(6, 'Estádio da Luz', 64647, 6),
(7, 'Johan Cruyff Arena', 54802, 7),
(8, 'King Baudouin Stadium', 50000, 8),
(9, 'Letzigrund Stadium', 26188, 9),
(10, 'Ernst Happel Stadium', 50884, 10),
(11, 'National Stadium', 58500, 11),
(12, 'Eden Arena', 21000, 12),
(13, 'Luzhniki Stadium', 81000, 13),
(14, 'Friends Arena', 50000, 14),
(15, 'Parken Stadium', 38065, 15);

INSERT INTO Referee (ID, name) VALUES
(1, 'Michael Oliver'),
(2, 'Felix Brych'),
(3, 'Björn Kuipers'),
(4, 'Cüneyt Çakır'),
(5, 'Szymon Marciniak'),
(6, 'Damir Skomina'),
(7, 'Daniele Orsato'),
(8, 'Gianluca Rocchi'),
(9, 'Anthony Taylor'),
(10, 'Carlos del Cerro Grande'),
(11, 'Artur Dias'),
(12, 'Sergei Karasev'),
(13, 'Andreas Ekberg'),
(14, 'Daniel Siebert'),
(15, 'Ovidiu Hațegan');

INSERT INTO Association (ID, name) VALUES
(1, 'UEFA'),
(2, 'DFB'),
(3, 'FFF'),
(4, 'RFEF'),
(5, 'FIGC'),
(6, 'FA'),
(7, 'FPF'),
(8, 'KBVB'),
(9, 'SFV'),
(10, 'ÖFB'),
(11, 'PZPN'),
(12, 'FAČR'),
(13, 'RFS'),
(14, 'SvFF'),
(15, 'DBU');

INSERT INTO Referee_Assoc (id_referee, id_association) VALUES
(1, 1),
(2, 2),
(3, 3),
(4, 4),
(5, 5),
(6, 6),
(7, 7),
(8, 8),
(9, 9),
(10, 10),
(11, 11),
(12, 12),
(13, 13),
(14, 14),
(15, 15);

INSERT INTO Coach (ID, name, id_country) VALUES
(1, 'Joachim Löw', 1),
(2, 'Didier Deschamps', 2),
(3, 'Luis Enrique', 3),
(4, 'Roberto Mancini', 4),
(5, 'Gareth Southgate', 5),
(6, 'Fernando Santos', 6),
(7, 'Frank de Boer', 7),
(8, 'Roberto Martínez', 8),
(9, 'Vladimir Petković', 9),
(10, 'Franco Foda', 10),
(11, 'Paulo Sousa', 11),
(12, 'Jaroslav Šilhavý', 12),
(13, 'Stanislav Cherchesov', 13),
(14, 'Janne Andersson', 14),
(15, 'Kasper Hjulmand', 15);

INSERT INTO Position (ID, name) VALUES
(1, 'Goalkeeper'),
(2, 'Defender'),
(3, 'Midfielder'),
(4, 'Forward');

INSERT INTO Player (ID, name, id_position, id_country) VALUES
(1, 'Manuel Neuer', 1, 1),
(2, 'Hugo Lloris', 1, 2),
(3, 'David de Gea', 1, 3),
(4, 'Gianluigi Donnarumma', 1, 4),
(5, 'Jordan Pickford', 1, 5),
(6, 'Rui Patrício', 1, 6),
(7, 'Jasper Cillessen', 1, 7),
(8, 'Thibaut Courtois', 1, 8),
(9, 'Yann Sommer', 1, 9),
(10, 'Daniel Bachmann', 1, 10),
(11, 'Wojciech Szczęsny', 1, 11),
(12, 'Tomáš Vaclík', 1, 12),
(13, 'Igor Akinfeev', 1, 13),
(14, 'Robin Olsen', 1, 14),
(15, 'Kasper Schmeichel', 1, 15);

INSERT INTO Match_Type (ID, type_name) VALUES
(1, 'Group Stage'),
(2, 'Round of 16'),
(3, 'Quarter-finals'),
(4, 'Semi-finals'),
(5, 'Final');

INSERT INTO Match (ID, datetime, id_country_1, id_country_2, id_stadium, id_referee, country_1_score, country_2_score, id_match_type) VALUES
(1, '2023-06-10 18:00:00', 1, 2, 1, 1, 2, 1, 1),
(2, '2023-06-11 15:30:00', 3, 4, 2, 2, 0, 3, 1),
(3, '2023-06-12 20:15:00', 5, 6, 3, 3, 1, 1, 1),
(4, '2023-06-13 17:45:00', 7, 8, 4, 4, 2, 2, 1),
(5, '2023-06-14 19:30:00', 9, 10, 5, 5, 1, 0, 1),
(6, '2023-06-15 21:00:00', 11, 12, 6, 6, 0, 2, 1),
(7, '2023-06-16 16:15:00', 13, 14, 7, 7, 3, 0, 1),
(8, '2023-06-17 14:45:00', 15, 1, 8, 8, 1, 1, 1),
(9, '2023-06-18 18:30:00', 2, 3, 9, 9, 2, 1, 1),
(10, '2023-06-19 20:00:00', 4, 5, 10, 10, 0, 0, 1),
(11, '2023-06-20 17:00:00', 6, 7, 11, 11, 1, 2, 1),
(12, '2023-06-21 19:45:00', 8, 9, 12, 12, 3, 1, 1),
(13, '2023-06-22 15:15:00', 10, 11, 13, 13, 0, 0, 1),
(14, '2023-06-23 21:30:00', 12, 13, 14, 14, 2, 0, 1),
(15, '2023-06-24 18:00:00', 14, 15, 15, 15, 1, 1, 1);

INSERT INTO Goal_moment (ID, minute_of_goal, id_match, id_player) VALUES
(1, 23, 1, 1),
(2, 56, 1, 2),
(3, 78, 2, 4),
(4, 15, 3, 6),
(5, 32, 3, 5),
(6, 49, 4, 8),
(7, 61, 4, 7),
(8, 12, 5, 9),
(9, 80, 6, 11),
(10, 19, 7, 13),
(11, 67, 8, 15),
(12, 30, 9, 2),
(13, 75, 9, 3),
(14, 42, 10, 5),
(15, 88, 11, 7);